left,right,manip_threshold,max_candles,consec_candles,min_candles_2nd,max_candles_2nd,rr_ratio,weighted_profit,total_success_rate,profit_factor,sharpe_ratio,max_drawdown,avg_profit,trade_count,file_results,norm_profit,norm_trade_count,norm_success,norm_pf,norm_sharpe,norm_drawdown,norm_avg_profit,total_score,rank_profit,rank_trade_count,rank_success,rank_pf,rank_sharpe,rank_drawdown,rank_avg_profit
25,25,0.004,30,4,20,30,1.5,3985.0,45.103857566765576,1.2324324324324325,0.4579908115507928,2800.0,12.759643916913946,1011,"{'1yil.csv': 5200.0, '2yil.csv': 5950.0, '3yil.csv': 1750.0}",0.6076222435282839,0.7620829435609604,1.0,1.0,1.0,0.8503937007874016,1.0,199.79754631027566,22.0,48.0,1.0,1.0,1.0,9.0,1.0
25,10,0.002,30,4,20,15,1.5,5546.666666666667,43.33643988816402,1.147203947368421,0.44548876140891736,3900.0,8.341099720410066,2146,"{'1yil.csv': 6400.0, '2yil.csv': 10400.0, '3yil.csv': 1100.0}",0.8322147651006713,0.40816962893670095,0.701508469824709,0.6796274148961124,0.9752161380040815,0.6771653543307087,0.7015084698247093,145.03006049600523,6.0,91.0,25.0,25.0,2.0,38.0,25.0
15,15,0.004,30,2,15,20,1.5,6546.666666666667,44.19862340216322,1.1881057268722468,0.4378522596995956,4150.0,10.496558505408062,2034,"{'1yil.csv': 7950.0, '2yil.csv': 9700.0, '3yil.csv': 3700.0}",0.9760306807286674,0.44309323355160585,0.8471189157885395,0.8333765848496574,0.9600776605265758,0.6377952755905512,0.8471189157885398,172.59932253189734,2.0,86.0,4.0,4.0,3.0,47.0,4.0
15,25,0.004,30,3,5,15,1.5,4890.0,44.38318401102688,1.1970260223048328,0.43556238351541593,3650.0,10.957960027567195,1451,"{'1yil.csv': 5250.0, '2yil.csv': 9000.0, '3yil.csv': 1650.0}",0.7377756471716204,0.6248830682881198,0.8782885590578006,0.86690784033873,0.9555382470149982,0.7165354330708661,0.8782885590578003,177.54026823619796,13.0,70.0,3.0,3.0,4.0,33.0,3.0
20,15,0.002,15,4,5,30,1.5,5296.666666666667,43.93329499712478,1.1753846153846155,0.42271702035072417,3950.0,9.83323749281196,1739,"{'1yil.csv': 5900.0, '2yil.csv': 10300.0, '3yil.csv': 900.0}",0.7962607861936721,0.5350795135640786,0.8023087486289818,0.785558119349229,0.9300738068353157,0.6692913385826772,0.8023087486289817,163.5218860263955,7.0,79.0,7.0,7.0,5.0,41.0,7.0
20,15,0.002,15,2,15,25,1.5,5020.0,43.61065796628603,1.1600771456123433,0.42134202007760896,4500.0,9.026644915715062,1839,"{'1yil.csv': 4850.0, '2yil.csv': 8100.0, '3yil.csv': 3650.0}",0.7564717162032598,0.503897723729342,0.7478199754361775,0.728017572211037,0.9273480285328359,0.5826771653543307,0.7478199754361768,152.594943231318,11.0,84.0,15.0,15.0,6.0,70.0,15.0
15,10,0.004,15,2,15,25,1.5,5700.0,43.5390549662488,1.1567036720751493,0.4105380421465293,4650.0,8.847637415621987,2074,"{'1yil.csv': 6800.0, '2yil.csv': 10600.0, '3yil.csv': 950.0}",0.8542665388302972,0.43062051761771125,0.7357272543408647,0.7153367362548579,0.9059303974233625,0.5590551181102362,0.7357272543408638,150.65234075803477,3.0,89.0,18.0,18.0,7.0,74.0,18.0
20,15,0.004,15,4,10,15,1.5,4188.333333333333,44.015151515151516,1.179296346414073,0.40974934277721287,4250.0,10.037878787878787,1320,"{'1yil.csv': 6800.0, '2yil.csv': 6050.0, '3yil.csv': 400.0}",0.6368648130393096,0.6657312129716245,0.8161331420456831,0.8002622570702879,0.904366892549875,0.6220472440944882,0.8161331420456827,165.12010097238218,18.0,67.0,6.0,6.0,8.0,56.0,6.0
15,15,0.002,30,3,10,30,1.5,5556.666666666667,43.04857621440536,1.1338235294117647,0.4084252613434291,4050.0,7.6214405360134005,2388,"{'1yil.csv': 6550.0, '2yil.csv': 8000.0, '3yil.csv': 3650.0}",0.8336529242569511,0.3327096975366386,0.6528924185639275,0.6293306263596871,0.9017420549309361,0.6535433070866141,0.6528924185639275,135.08548768264725,5.0,95.0,35.0,35.0,9.0,44.0,35.0
15,25,0.004,30,2,10,15,1.5,5261.666666666667,44.618528610354225,1.2084870848708487,0.4079462422328284,3850.0,11.546321525885558,1468,"{'1yil.csv': 6450.0, '2yil.csv': 9350.0, '3yil.csv': 1150.0}",0.7912272291466923,0.6195821640162146,0.9180348909080591,0.9099898010183567,0.9007924551936282,0.6850393700787402,0.9180348909080585,184.7549769836904,8.0,71.0,2.0,2.0,10.0,36.0,2.0
15,20,0.002,15,2,20,20,1.5,4688.333333333333,43.371428571428574,1.1488395560040363,0.40374194726773904,4250.0,8.428571428571429,1750,"{'1yil.csv': 8150.0, '2yil.csv': 6350.0, '3yil.csv': 250.0}",0.7087727708533077,0.5316495166822576,0.7074175572650462,0.6857756429963392,0.8924579288541522,0.6220472440944882,0.7074175572650456,145.35774919939917,16.0,80.0,24.0,24.0,11.0,56.0,24.0
10,10,0.002,15,2,10,15,1.5,6713.333333333333,42.60492040520984,1.113464447806354,0.40032830498330296,4900.0,6.512301013024602,3455,"{'1yil.csv': 3350.0, '2yil.csv': 14700.0, '3yil.csv': 4450.0}",1.0,0.0,0.5779653071282713,0.552801146815757,0.8856907796009654,0.5196850393700787,0.5779653071282712,119.02277329103563,1.0,100.0,59.0,59.0,12.0,80.0,59.0
15,20,0.002,15,4,10,15,1.5,4740.0,43.56617647058824,1.1579804560260587,0.394666550037314,4850.0,8.915441176470589,1632,"{'1yil.csv': 8950.0, '2yil.csv': 7900.0, '3yil.csv': -2300.0}",0.716203259827421,0.5684440286872466,0.740307687946882,0.7201361477974281,0.8744670081679825,0.5275590551181102,0.7403076879468811,151.12356958764772,15.0,75.0,17.0,17.0,13.0,77.0,17.0
25,20,0.004,30,3,20,15,1.5,3565.0,43.67909238249595,1.1633093525179856,0.3844416208343522,3300.0,9.19773095623987,1234,"{'1yil.csv': 5650.0, '2yil.csv': 4850.0, '3yil.csv': 850.0}",0.5472195589645255,0.6925475522294979,0.7593775681085083,0.7401673890378119,0.8541972738917265,0.7716535433070866,0.7593775681085072,154.859438378816,32.0,62.0,14.0,14.0,14.0,23.0,14.0
15,15,0.002,15,3,5,15,1.5,4998.333333333333,43.0237984134391,1.1326781326781328,0.3840008708945951,4150.0,7.55949603359776,2143,"{'1yil.csv': 6200.0, '2yil.csv': 7950.0, '3yil.csv': 2050.0}",0.7533557046979865,0.40910508263174306,0.6487078028874291,0.6250250973778262,0.8533235383397421,0.6377952755905512,0.648707802887429,133.9886970949802,12.0,90.0,36.0,36.0,15.0,47.0,36.0
25,20,0.004,15,3,15,30,1.5,2705.0,43.48717948717949,1.1542649727767695,0.3625140941243898,3150.0,8.717948717948717,975,"{'1yil.csv': 4800.0, '2yil.csv': 3550.0, '3yil.csv': 150.0}",0.4235378715244487,0.7733083879014655,0.726966228968398,0.7061697025110787,0.8107284995927613,0.7952755905511811,0.7269662289683974,148.52714694387012,43.0,47.0,21.0,21.0,16.0,18.0,21.0
20,10,0.002,15,4,5,30,1.5,5053.333333333333,42.97558728696453,1.1304523424878836,0.3554914546717742,4850.0,7.438968217411331,2171,"{'1yil.csv': 5950.0, '2yil.csv': 10500.0, '3yil.csv': -300.0}",0.7612655800575263,0.40037418147801684,0.6405656341815831,0.6166583857483349,0.7968069327244804,0.5275590551181102,0.6405656341815826,131.74722175145283,10.0,93.0,39.0,39.0,17.0,77.0,39.0
10,10,0.006,30,2,15,15,1.5,5663.333333333333,42.9940119760479,1.1313025210084033,0.3550647468908722,4200.0,7.485029940119761,2505,"{'1yil.csv': 5650.0, '2yil.csv': 8600.0, '3yil.csv': 4500.0}",0.848993288590604,0.29622700342999686,0.6436773002603392,0.6198541939363383,0.7959610341210956,0.6299212598425197,0.6436773002603395,132.5417015781847,4.0,97.0,38.0,38.0,18.0,51.0,38.0
20,15,0.004,30,3,15,25,1.5,4003.3333333333335,43.09723889555822,1.1360759493670887,0.35348100702053237,3950.0,7.743097238895558,1666,"{'1yil.csv': 5500.0, '2yil.csv': 5900.0, '3yil.csv': 1500.0}",0.6102588686481305,0.5578422201434362,0.6611108483870598,0.6377974388729537,0.7928214538171849,0.6692913385826772,0.6611108483870598,136.05525404396766,21.0,77.0,34.0,34.0,19.0,41.0,34.0
25,10,0.004,15,2,20,15,1.5,3943.3333333333335,43.403693931398415,1.1503496503496504,0.3533549121680865,4200.0,8.509234828496043,1516,"{'1yil.csv': 4150.0, '2yil.csv': 6800.0, '3yil.csv': 1950.0}",0.6016299137104507,0.604614904895541,0.7128667144086337,0.6914520647805795,0.7925714854211259,0.6299212598425197,0.7128667144086338,145.3227449734731,25.0,72.0,23.0,23.0,20.0,51.0,23.0
15,10,0.002,15,3,20,30,1.5,3978.3333333333335,42.12484497726333,1.0917857142857144,0.3479127428404453,3500.0,5.3121124431583295,2419,"{'1yil.csv': 4750.0, '2yil.csv': 7050.0, '3yil.csv': 1050.0}",0.6066634707574307,0.32304334268787027,0.49688744374473065,0.4713111157003461,0.7817830169664275,0.7401574803149606,0.49688744374473076,104.74735372247143,23.0,96.0,74.0,74.0,21.0,30.0,74.0
20,10,0.004,15,3,5,25,1.5,3695.0,42.65927977839335,1.1159420289855073,0.34056637163854175,4300.0,6.648199445983379,1805,"{'1yil.csv': 4100.0, '2yil.csv': 6650.0, '3yil.csv': 1250.0}",0.5659156279961649,0.5144995322731525,0.5871458266383814,0.5621143369607412,0.7672196895143224,0.6141732283464567,0.5871458266383818,121.67640803798649,30.0,83.0,56.0,56.0,22.0,61.0,56.0
20,15,0.002,30,3,10,15,1.5,3941.6666666666665,42.55111976630964,1.1110169491525423,0.3395470138566209,3800.0,6.377799415774099,2054,"{'1yil.csv': 3550.0, '2yil.csv': 6350.0, '3yil.csv': 3200.0}",0.6013902205177373,0.4368568755846586,0.5688791498355394,0.5436010364281205,0.765198931134305,0.6929133858267716,0.568879149835539,118.30981782801209,26.0,88.0,61.0,61.0,23.0,35.0,61.0
25,25,0.006,30,4,10,20,1.5,2581.6666666666665,43.91971664698938,1.174736842105263,0.3388442770577781,3300.0,9.799291617473436,847,"{'1yil.csv': 4250.0, '2yil.csv': 2550.0, '3yil.csv': 1500.0}",0.40580057526366253,0.8132210788899282,0.8000155597816351,0.7831231493986135,0.7638058370701852,0.7716535433070866,0.800015559781634,161.1206463579171,45.0,39.0,9.0,9.0,24.0,23.0,9.0
20,10,0.002,15,2,10,20,1.5,4883.333333333333,42.77777777777778,1.1213592233009708,0.3379887674228877,5200.0,6.944444444444445,2340,"{'1yil.csv': 2650.0, '2yil.csv': 11200.0, '3yil.csv': 2400.0}",0.736816874400767,0.34767695665731213,0.6071584414193743,0.5824774883830814,0.7621098886067982,0.47244094488188976,0.6071584414193739,124.42304902279359,14.0,94.0,48.0,48.0,25.0,82.0,48.0
15,25,0.002,15,2,10,20,1.5,3738.3333333333335,43.02176696542894,1.1325842696629214,0.3321863983661726,4350.0,7.554417413572343,1562,"{'1yil.csv': 5850.0, '2yil.csv': 6050.0, '3yil.csv': -100.0}",0.5721476510067115,0.5902712815715622,0.6483647204161113,0.6246722677246141,0.7506073660349727,0.6062992125984252,0.6483647204161108,133.2581967180052,29.0,73.0,37.0,37.0,26.0,66.0,37.0
20,25,0.002,30,4,5,30,1.5,3850.0,43.466107617051016,1.15327564894932,0.3261136778088711,4050.0,8.665269042627534,1431,"{'1yil.csv': 4200.0, '2yil.csv': 7900.0, '3yil.csv': 300.0}",0.5882070949185043,0.631119426255067,0.7234074919282211,0.7024508492208108,0.738568903020989,0.6535433070866141,0.7234074919282204,147.18190036056865,28.0,69.0,22.0,22.0,27.0,44.0,22.0
15,10,0.006,15,2,5,30,1.5,3670.0,42.917675544794186,1.1277836691410392,0.3171642976720918,3600.0,7.2941888619854724,1652,"{'1yil.csv': 3300.0, '2yil.csv': 7100.0, '3yil.csv': 1650.0}",0.5623202301054651,0.5622076707202993,0.6307851704322212,0.6066268830378941,0.7208277965830906,0.7244094488188977,0.6307851704322214,130.11966934315765,31.0,76.0,42.0,42.0,28.0,31.0,42.0
20,25,0.002,15,4,5,15,1.5,3478.3333333333335,43.495610534716675,1.1546610169491525,0.31192124478434397,3900.0,8.7390263367917,1253,"{'1yil.csv': 4850.0, '2yil.csv': 7050.0, '3yil.csv': -950.0}",0.5347555129434325,0.686623012160898,0.7283901121346831,0.707658426559457,0.7104340533383724,0.6771653543307087,0.7283901121346834,148.04840969904515,33.0,64.0,20.0,20.0,29.0,38.0,20.0
15,10,0.004,15,4,15,15,1.5,4075.0,42.78551532033426,1.121713729308666,0.3100139122898183,4850.0,6.963788300835654,1795,"{'1yil.csv': 7150.0, '2yil.csv': 7950.0, '3yil.csv': -2600.0}",0.6205656759348035,0.5176177112566261,0.6084652015278896,0.5838100710992342,0.7066529882499897,0.5275590551181102,0.6084652015278892,125.45013876302042,19.0,82.0,47.0,47.0,30.0,77.0,47.0
10,10,0.006,15,2,10,15,1.5,3955.0,42.611336032388664,1.1137566137566137,0.30063418258775143,4300.0,6.52834008097166,1976,"{'1yil.csv': 3850.0, '2yil.csv': 7750.0, '3yil.csv': 1300.0}",0.6033077660594439,0.46117867165575305,0.5790488146640547,0.5538993941997594,0.688058763794242,0.6141732283464567,0.5790488146640543,119.65928399610597,24.0,85.0,57.0,57.0,31.0,61.0,57.0
20,25,0.002,15,3,15,25,1.5,2731.6666666666665,42.868852459016395,1.1255380200860832,0.2998254157236813,2900.0,7.172131147540983,1220,"{'1yil.csv': 4150.0, '2yil.csv': 3650.0, '3yil.csv': 950.0}",0.42737296260786195,0.696913002806361,0.6225396505655062,0.5981855222366077,0.6864554774437219,0.8346456692913385,0.6225396505655056,129.0838293945798,41.0,60.0,43.0,43.0,32.0,11.0,43.0
15,20,0.012,30,4,20,25,1.5,1770.0,43.92678868552412,1.175074183976261,0.29846569455929695,2050.0,9.816971713810316,601,"{'1yil.csv': 2650.0, '2yil.csv': 600.0, '3yil.csv': 2650.0}",0.2890699904122723,0.8899282818833801,0.8012099257932757,0.7843912123847646,0.6837599881992694,0.968503937007874,0.801209925793276,161.3110454249018,58.0,19.0,8.0,8.0,33.0,4.0,8.0
10,15,0.01,30,2,20,30,1.5,2978.3333333333335,43.269230769230774,1.1440677966101696,0.2951639957528631,5250.0,8.173076923076923,1248,"{'1yil.csv': 3600.0, '2yil.csv': 550.0, '3yil.csv': 6050.0}",0.4628475551294344,0.6881821016526348,0.6901578123117708,0.6678386716732108,0.6772147538863257,0.4645669291338583,0.6901578123117696,139.185224327905,37.0,63.0,29.0,29.0,34.0,83.0,29.0
25,25,0.002,15,2,20,25,1.5,2425.0,42.75618374558304,1.1203703703703705,0.29502810718799477,3250.0,6.890459363957597,1132,"{'1yil.csv': 3000.0, '2yil.csv': 4350.0, '3yil.csv': 450.0}",0.3832694151486098,0.7243529778609292,0.6035115186854324,0.5787604051869404,0.6769453705931616,0.7795275590551181,0.6035115186854323,125.25610304498338,48.0,52.0,50.0,50.0,35.0,21.0,50.0
15,10,0.004,15,4,5,30,1.5,4058.3333333333335,42.48046875,1.1078098471986417,0.29482341870673123,4450.0,6.201171875,2048,"{'1yil.csv': 5550.0, '2yil.csv': 9050.0, '3yil.csv': -1900.0}",0.6181687440076703,0.43872778297474274,0.5569472051560056,0.5315455887348853,0.6765395994584901,0.5905511811023622,0.5569472051560053,115.59984586300538,20.0,87.0,64.0,64.0,36.0,68.0,64.0
10,25,0.004,30,4,20,15,1.5,3875.0,42.967359050445104,1.130072840790843,0.29218978038907506,4550.0,7.4183976261127595,1685,"{'1yil.csv': 4000.0, '2yil.csv': 8250.0, '3yil.csv': 250.0}",0.5918024928092043,0.5519176800748363,0.6391760028912183,0.6152318446143357,0.6713187174534397,0.5748031496062992,0.6391760028912179,130.8491245062223,27.0,78.0,40.0,40.0,37.0,72.0,40.0
10,10,0.004,30,4,15,25,1.5,5180.0,42.285520515428956,1.0990011750881317,0.28751470800479967,6300.0,5.713801288572397,2949,"{'1yil.csv': 4200.0, '2yil.csv': 12200.0, '3yil.csv': 450.0}",0.7794822627037392,0.15777985656376675,0.5240232406927074,0.49843392362365996,0.6620509295724171,0.2992125984251969,0.5240232406927077,106.66973449330854,9.0,98.0,70.0,70.0,38.0,93.0,70.0
15,15,0.012,30,2,15,25,1.5,1975.0,43.58974358974359,1.1590909090909092,0.2871168564343615,2900.0,8.974358974358974,780,"{'1yil.csv': 1600.0, '2yil.csv': 50.0, '3yil.csv': 5350.0}",0.31855225311601154,0.8341128780792018,0.744287836806811,0.7243103240573426,0.6612622350539419,0.8346456692913385,0.7442878368068103,150.29957310933906,54.0,34.0,16.0,16.0,39.0,11.0,16.0
20,20,0.006,30,4,5,30,1.5,2823.3333333333335,43.236074270557026,1.1425233644859814,0.2864323113961627,3300.0,8.090185676392572,1131,"{'1yil.csv': 3250.0, '2yil.csv': 5000.0, '3yil.csv': 900.0}",0.44055608820709496,0.7246647957592766,0.6845581546053859,0.6620331746991411,0.6599052040418935,0.7716535433070866,0.684558154605386,139.88474428384384,39.0,51.0,31.0,31.0,40.0,23.0,31.0
25,25,0.002,15,2,10,15,1.5,2515.0,42.735768903993204,1.1194362017804154,0.283341701300816,3300.0,6.8394222599830075,1177,"{'1yil.csv': 2650.0, '2yil.csv': 5750.0, '3yil.csv': -350.0}",0.3962128475551295,0.7103211724352978,0.6000637443544338,0.5752488795994329,0.6537784285757077,0.7716535433070866,0.6000637443544333,124.49526346177409,47.0,55.0,52.0,52.0,41.0,23.0,52.0
20,10,0.012,30,3,5,25,1.5,2278.3333333333335,43.79391100702576,1.16875,0.28254622535881474,3300.0,9.484777517564403,854,"{'1yil.csv': 1050.0, '2yil.csv': 1450.0, '3yil.csv': 5600.0}",0.36217641418983704,0.8110383536014967,0.7787687891783592,0.7606187005581654,0.6522014899341326,0.7716535433070866,0.7787687891783586,156.20068641238745,49.0,40.0,10.0,10.0,42.0,23.0,10.0
20,15,0.012,30,2,20,30,1.5,1758.3333333333333,43.69369369369369,1.164,0.27777530328321487,2000.0,9.234234234234235,666,"{'1yil.csv': 1400.0, '2yil.csv': 750.0, '3yil.csv': 4000.0}",0.287392138063279,0.8696601184908014,0.7618435204268231,0.7427635224671721,0.6427436911752795,0.9763779527559056,0.7618435204268237,154.0107906425445,59.0,25.0,12.0,12.0,43.0,3.0,12.0
15,20,0.006,15,4,10,30,1.5,2910.0,43.68530020703933,1.1636029411764706,0.26921687408471356,3850.0,9.213250517598343,966,"{'1yil.csv': 5650.0, '2yil.csv': 4800.0, '3yil.csv': -1550.0}",0.45302013422818793,0.7761147489865918,0.760425980755642,0.7412709843604949,0.6257775995542713,0.6850393700787402,0.7604259807556424,153.30577500508855,38.0,46.0,13.0,13.0,44.0,36.0,13.0
10,10,0.004,30,4,10,15,1.5,4636.666666666667,41.93022497554614,1.0830993823694555,0.265189322864088,6300.0,4.825562438865341,3067,"{'1yil.csv': 4950.0, '2yil.csv': 10800.0, '3yil.csv': -950.0}",0.7013422818791947,0.12098534455877767,0.4640189131089803,0.4386593255272347,0.6177934471552069,0.2992125984251969,0.4640189131089796,94.53518047391097,17.0,99.0,78.0,78.0,45.0,93.0,78.0
20,20,0.01,30,4,10,30,1.5,1753.3333333333333,43.3048433048433,1.1457286432160805,0.25911278650526565,2900.0,8.262108262108262,702,"{'1yil.csv': 3200.0, '2yil.csv': -200.0, '3yil.csv': 2800.0}",0.286673058485139,0.8584346741502962,0.6961722594778853,0.6740817689217078,0.6057474197580041,0.8346456692913385,0.6961722594778853,141.62334101820986,61.0,29.0,27.0,27.0,46.0,11.0,27.0
25,20,0.002,15,3,20,20,1.5,1990.0,42.12730318257956,1.0918958031837915,0.25861018764683386,3150.0,5.318257956448911,1194,"{'1yil.csv': 3700.0, '2yil.csv': 1500.0, '3yil.csv': 1150.0}",0.32070949185043146,0.7050202681633926,0.4973025994123526,0.4717249382016112,0.6047510759099692,0.7952755905511811,0.4973025994123531,105.64863857207598,53.0,56.0,73.0,73.0,47.0,18.0,73.0
25,15,0.01,30,2,20,30,1.5,1756.6666666666667,43.31550802139038,1.1462264150943395,0.24932539064238118,3450.0,8.288770053475936,748,"{'1yil.csv': 1850.0, '2yil.csv': -600.0, '3yil.csv': 4950.0}",0.2871524448705657,0.8440910508263174,0.697973377345814,0.6759528858764454,0.586345044498552,0.7480314960629921,0.6979733773458129,141.1949847135809,60.0,33.0,26.0,26.0,48.0,29.0,26.0
20,10,0.012,15,4,15,25,1.5,1440.0,44.097995545657014,1.1832669322709164,0.24852285007216687,2450.0,10.244988864142538,449,"{'1yil.csv': 3150.0, '2yil.csv': 100.0, '3yil.csv': 1350.0}",0.24161073825503357,0.9373246024321796,0.8301243121753383,0.8151876291965016,0.5847541010522689,0.905511811023622,0.8301243121753382,165.50965859155332,71.0,10.0,5.0,5.0,49.0,6.0,5.0
25,10,0.008,30,3,15,25,1.5,2556.6666666666665,42.944785276073624,1.1290322580645162,0.24535310002423358,4300.0,7.361963190184049,1141,"{'1yil.csv': 4400.0, '2yil.csv': 700.0, '3yil.csv': 3300.0}",0.40220517737296263,0.7215466167758029,0.6353636157370361,0.6113203098991833,0.5784704398240673,0.6141732283464567,0.635363615737035,129.62914463648764,46.0,53.0,41.0,41.0,50.0,61.0,41.0
